[{"model": "sessions.session", "pk": "0labsksliu97crj77da9olj41e04b1p6", "fields": {"session_data": "e30:1uX51L:af6AxzpVcjWnHc8qIWhegu8_ZaoDl_rktv3ck0FEaic", "expire_date": "2025-07-16T21:29:35.505Z"}}, {"model": "sessions.session", "pk": "12oqqtw3emphqrwgoztltlghqc0x1ar7", "fields": {"session_data": ".eJxVjDsOwjAQBe_iGlmO_6ak5wzWeneDA8iR4qRC3B0ipYD2zcx7iQzbWvPWeckTibNw4vS7FcAHtx3QHdptlji3dZmK3BV50C6vM_Hzcrh_BxV6_daDhhIjlkAmOSZCSFbr4rWh6GwgCwnS6HQqxF6hiRY9p6jCMLKyJor3B_QXN-k:1uXei9:R8xK_PzqMsXFnFa2yHAbpatYu0w1iKNQNDIPNfCTVpE", "expire_date": "2025-07-18T11:36:09.230Z"}}, {"model": "sessions.session", "pk": "5fsdhtdnfm77sgt43cof39oczrt50sh0", "fields": {"session_data": "e30:1uX5GX:3IJ-qf6RtP8YiW5ap31U-UDLavDuEzRz4aBawFQI008", "expire_date": "2025-07-16T21:45:17.246Z"}}, {"model": "sessions.session", "pk": "eack3ryioaco3ein7eeg0altizebfrsz", "fields": {"session_data": "e30:1uX4zv:pr4GhKyvWjzI_Jkce676OgDwNEZztp5FV2HCyap_TL4", "expire_date": "2025-07-16T21:28:07.822Z"}}, {"model": "sessions.session", "pk": "hreq0lf0ldzb7kibebgfwepxgc1fal4f", "fields": {"session_data": ".eJxVjMsOwiAQRf-FtSEwpQVcuvcbmoGZkaqBpI-V8d-1SRe6veec-1IjbmsZt4XncSJ1VqBOv1vC_OC6A7pjvTWdW13nKeld0Qdd9LURPy-H-3dQcCnfOoceUwQIHQGJNw548IzsOoDcG-tFSNgOEsl2ZhAOLvY2OAoOE0Wj3h_ldTff:1uW9dW:EOvPtsZ5MeEgAd1c4uwW_k0Vdt97Mz34_a3TLeIpxm4", "expire_date": "2025-07-14T08:13:10.942Z"}}, {"model": "sessions.session", "pk": "q46ycfzp8blqorrfa4ukymnp5cw865cd", "fields": {"session_data": ".eJxVjMEOgjAQRP-lZ9N026W0Hr3zDWS7XSxqIKFwMv67kHDQ22Tem3mrnra19FuVpR-zuipQl98uET9lOkB-0HSfNc_TuoxJH4o-adXdnOV1O92_g0K17GsE9K0wWhOQ9uSiQR_skBrJ4oIZoI3OMAhxSEQOwLPl2ARIyA2A-nwBw6E3Mw:1uYgsY:9KXIyvlxS368fd7MD_GlJGnmsaA9Les4LyDPI0aXnng", "expire_date": "2025-07-21T08:07:10.904Z"}}, {"model": "sessions.session", "pk": "rl8h8grbx3f1ppo1amxxzeulf8amvuai", "fields": {"session_data": "e30:1uX5Rt:wwl_je_d-R-ECaARL51yfgnEOohGBBTdLosqrDn-j_Q", "expire_date": "2025-07-16T21:57:01.944Z"}}, {"model": "sessions.session", "pk": "wrwbs9hwdtx7fxheovce2fitrwfb8s5c", "fields": {"session_data": ".eJxVjMsOwiAQRf-FtSEwpQVcuvcbmoGZkaqBpI-V8d-1SRe6veec-1IjbmsZt4XncSJ1VqBOv1vC_OC6A7pjvTWdW13nKeld0Qdd9LURPy-H-3dQcCnfOoceUwQIHQGJNw548IzsOoDcG-tFSNgOEsl2ZhAOLvY2OAoOE0Wj3h_ldTff:1uVc3C:POG5a4SOtg-M-lsmmlLfBm5A5HtjbkOHKN6pt9629qc", "expire_date": "2025-07-12T20:21:26.114Z"}}, {"model": "django_celery_beat.crontabschedule", "pk": 1, "fields": {"minute": "0", "hour": "*", "day_of_month": "*", "month_of_year": "*", "day_of_week": "*", "timezone": "UTC"}}, {"model": "django_celery_beat.crontabschedule", "pk": 2, "fields": {"minute": "0", "hour": "7", "day_of_month": "*", "month_of_year": "*", "day_of_week": "*", "timezone": "UTC"}}, {"model": "django_celery_beat.crontabschedule", "pk": 3, "fields": {"minute": "0", "hour": "19", "day_of_month": "*", "month_of_year": "*", "day_of_week": "*", "timezone": "UTC"}}, {"model": "django_celery_beat.crontabschedule", "pk": 4, "fields": {"minute": "0", "hour": "4", "day_of_month": "*", "month_of_year": "*", "day_of_week": "*", "timezone": "UTC"}}, {"model": "django_celery_beat.periodictasks", "pk": 1, "fields": {"last_update": "2025-07-02T10:37:22.299Z"}}, {"model": "django_celery_beat.periodictask", "pk": 1, "fields": {"name": "Hourly Appointment Reminders", "task": "hospital.tasks.send_upcoming_appointment_reminders", "interval": null, "crontab": 1, "solar": null, "clocked": null, "args": "[]", "kwargs": "{}", "queue": null, "exchange": null, "routing_key": null, "headers": "{}", "priority": null, "expires": null, "expire_seconds": null, "one_off": false, "start_time": "2025-07-02T10:30:56.532Z", "enabled": true, "last_run_at": "2025-07-03T23:00:00.002Z", "total_run_count": 35, "date_changed": "2025-07-03T23:02:55.219Z", "description": ""}}, {"model": "django_celery_beat.periodictask", "pk": 2, "fields": {"name": "Hourly Lab Report Notifications", "task": "hospital.tasks.send_lab_report_notifications", "interval": null, "crontab": 1, "solar": null, "clocked": null, "args": "[]", "kwargs": "{}", "queue": null, "exchange": null, "routing_key": null, "headers": "{}", "priority": null, "expires": null, "expire_seconds": null, "one_off": false, "start_time": "2025-07-02T10:30:56.546Z", "enabled": true, "last_run_at": "2025-07-03T23:00:00.033Z", "total_run_count": 35, "date_changed": "2025-07-03T23:02:55.235Z", "description": ""}}, {"model": "django_celery_beat.periodictask", "pk": 3, "fields": {"name": "Bill Due Reminder 7", "task": "hospital.tasks.send_bill_due_reminders", "interval": null, "crontab": 2, "solar": null, "clocked": null, "args": "[]", "kwargs": "{}", "queue": null, "exchange": null, "routing_key": null, "headers": "{}", "priority": null, "expires": null, "expire_seconds": null, "one_off": false, "start_time": "2025-07-02T10:30:56.563Z", "enabled": true, "last_run_at": "2025-07-03T07:00:00.003Z", "total_run_count": 2, "date_changed": "2025-07-03T07:01:40.197Z", "description": ""}}, {"model": "django_celery_beat.periodictask", "pk": 4, "fields": {"name": "Bill Due Reminder 19", "task": "hospital.tasks.send_bill_due_reminders", "interval": null, "crontab": 3, "solar": null, "clocked": null, "args": "[]", "kwargs": "{}", "queue": null, "exchange": null, "routing_key": null, "headers": "{}", "priority": null, "expires": null, "expire_seconds": null, "one_off": false, "start_time": "2025-07-02T10:30:56.579Z", "enabled": true, "last_run_at": "2025-07-03T19:00:00.006Z", "total_run_count": 3, "date_changed": "2025-07-03T19:02:35.351Z", "description": ""}}, {"model": "django_celery_beat.periodictask", "pk": 5, "fields": {"name": "celery.backend_cleanup", "task": "celery.backend_cleanup", "interval": null, "crontab": 4, "solar": null, "clocked": null, "args": "[]", "kwargs": "{}", "queue": null, "exchange": null, "routing_key": null, "headers": "{}", "priority": null, "expires": null, "expire_seconds": 43200, "one_off": false, "start_time": null, "enabled": true, "last_run_at": "2025-07-03T04:00:00.083Z", "total_run_count": 1, "date_changed": "2025-07-03T04:01:25.174Z", "description": ""}}, {"model": "authtoken.token", "pk": "25757e080d352a2205db351a4b4d8cc3a3543402", "fields": {"user": 5, "created": "2025-06-28T20:02:06.378Z"}}, {"model": "authtoken.token", "pk": "2774ef06f03730d5d424104e4b0234ffafb9e6a6", "fields": {"user": 10, "created": "2025-07-01T20:56:46.033Z"}}, {"model": "authtoken.token", "pk": "30f0f7b92ace0a007496518993e1e5a24bfe9156", "fields": {"user": 6, "created": "2025-06-30T20:35:42.827Z"}}, {"model": "authtoken.token", "pk": "432d3b02905b8fd6a53bf710d9e05a04163c7b08", "fields": {"user": 3, "created": "2025-06-28T18:39:36.147Z"}}, {"model": "authtoken.token", "pk": "4945365ee10c89a5b24074180a1cbef10cde667c", "fields": {"user": 2, "created": "2025-06-28T18:31:54.863Z"}}, {"model": "authtoken.token", "pk": "642a9d909a81ba0e33a75f535b55b7647659c165", "fields": {"user": 11, "created": "2025-07-02T21:20:25.949Z"}}, {"model": "authtoken.token", "pk": "81064b930ef126cd36b4f73222a7d37a7d4f18f3", "fields": {"user": 8, "created": "2025-07-01T20:18:45.286Z"}}, {"model": "authtoken.token", "pk": "8aa9182c59df020e9a2323ba3d80745edaeae36d", "fields": {"user": 4, "created": "2025-06-28T19:58:08.889Z"}}, {"model": "authtoken.token", "pk": "a5231c662755ba87ba360329b7f971ba8214f4cc", "fields": {"user": 9, "created": "2025-07-01T20:53:26.627Z"}}, {"model": "authtoken.token", "pk": "e803523d4a0c8fbe6e6477305904fab78a8a9419", "fields": {"user": 7, "created": "2025-07-01T11:43:16.308Z"}}, {"model": "users.user", "pk": 1, "fields": {"password": "pbkdf2_sha256$870000$wQkDEDsufRzzjvmDEQHtpg$5vlYz6PvMelf2hlRw+irLTicD2cNUO07l18hqp9yC/s=", "last_login": "2025-07-07T08:07:10.888Z", "is_superuser": false, "username": "John", "first_name": "John", "last_name": "Doe", "email": "john@gmail.com", "is_staff": false, "is_active": true, "date_joined": "2025-06-27T11:52:28.027Z", "role": "patient", "groups": [], "user_permissions": []}}, {"model": "users.user", "pk": 2, "fields": {"password": "pbkdf2_sha256$870000$UboTdrVdAXzuP5fTFRPq0z$4FivqjCVhwIkA5k0MvgdUyKZcwvXIoyMP2wLDPeMA90=", "last_login": "2025-07-07T05:45:07.039Z", "is_superuser": true, "username": "medinex_admin", "first_name": "", "last_name": "", "email": "admin@gmail.com", "is_staff": true, "is_active": true, "date_joined": "2025-06-28T18:02:13.772Z", "role": "admin", "groups": [], "user_permissions": []}}, {"model": "users.user", "pk": 3, "fields": {"password": "pbkdf2_sha256$870000$8p0DGmXYkmOAqmGm7yopME$npKY86P4NQeu8bkepPKziogPOvvY08idExS5v9aXKaw=", "last_login": "2025-07-04T06:26:33.080Z", "is_superuser": false, "username": "doctor1", "first_name": "Doctor", "last_name": "One", "email": "doctor1@gmail.com", "is_staff": false, "is_active": true, "date_joined": "2025-06-28T18:39:35.772Z", "role": "doctor", "groups": [], "user_permissions": []}}, {"model": "users.user", "pk": 4, "fields": {"password": "pbkdf2_sha256$870000$dVXoVAZeRq320Dq3MlJgGD$pFNsXcy/5PCv/FMVwfbOYa8l8cWEvJ5zQIiPJZdibPk=", "last_login": "2025-07-04T15:46:01.733Z", "is_superuser": false, "username": "reception1", "first_name": "", "last_name": "", "email": "reception1@hospital.com", "is_staff": false, "is_active": true, "date_joined": "2025-06-28T19:58:08.434Z", "role": "receptionist", "groups": [], "user_permissions": []}}, {"model": "users.user", "pk": 5, "fields": {"password": "pbkdf2_sha256$870000$zgxa38MAf5FlFyVHlbBQ1B$xcqVfBogPkbtim36oMg2EkCFmKgSNLpR0jH5T3TgEN8=", "last_login": "2025-07-04T15:58:57.893Z", "is_superuser": false, "username": "pharmacist1", "first_name": "", "last_name": "", "email": "pharmacist1@hospital.com", "is_staff": false, "is_active": true, "date_joined": "2025-06-28T20:02:05.879Z", "role": "pharmacist", "groups": [], "user_permissions": []}}, {"model": "users.user", "pk": 6, "fields": {"password": "pbkdf2_sha256$870000$Qgwa3bVeCF4rJCGPp3XCCs$ZETHtVCeqSLihEx1JEbBzFif/b5WRLk2iFEmlRNhFvA=", "last_login": "2025-07-01T12:38:18.446Z", "is_superuser": false, "username": "anju", "first_name": "anju", "last_name": "sen", "email": "aaa@gmail.com", "is_staff": false, "is_active": true, "date_joined": "2025-06-30T20:35:41.252Z", "role": "patient", "groups": [], "user_permissions": []}}, {"model": "users.user", "pk": 7, "fields": {"password": "pbkdf2_sha256$870000$lI7uYLpiE9ttH9DmMqN9iq$mHhrxsR8FWvkpOEvTjm+Ak8G2GDaE7ZYakNfrrO0UUE=", "last_login": null, "is_superuser": false, "username": "testpatient", "first_name": "", "last_name": "", "email": "", "is_staff": false, "is_active": true, "date_joined": "2025-07-01T11:43:15.910Z", "role": "patient", "groups": [], "user_permissions": []}}, {"model": "users.user", "pk": 8, "fields": {"password": "pbkdf2_sha256$870000$ijZvgTPKTNmKyyqz1uceoh$DWeGxuqez6gdi4yzx5xDEgFr9/AqvKWEcbPu0hArfT8=", "last_login": "2025-07-04T06:27:33.805Z", "is_superuser": false, "username": "doctor2", "first_name": "Naina", "last_name": "Smith", "email": "doctor2@gmail.com", "is_staff": false, "is_active": true, "date_joined": "2025-07-01T20:18:44.867Z", "role": "doctor", "groups": [], "user_permissions": []}}, {"model": "users.user", "pk": 9, "fields": {"password": "pbkdf2_sha256$870000$VlWklx2Jr5pS5mCtQwLwli$KLyD5X3t0InguMNsyn3/Q/AbLSUfqX7dSdJugpxaNak=", "last_login": "2025-07-03T16:37:47.327Z", "is_superuser": false, "username": "doctor3", "first_name": "Noel", "last_name": "Smith", "email": "doctor3@gmail.com", "is_staff": false, "is_active": true, "date_joined": "2025-07-01T20:53:25.792Z", "role": "doctor", "groups": [], "user_permissions": []}}, {"model": "users.user", "pk": 10, "fields": {"password": "pbkdf2_sha256$870000$gljRfUcsxxnNE98qaJwZ3e$MKwQUBXTvbWFilK5KwD8nJh9uu/aVYLpr2x7t0Gv5Qs=", "last_login": "2025-07-03T16:46:00.388Z", "is_superuser": false, "username": "doctor4", "first_name": "Nelson", "last_name": "Jen", "email": "doctor4@gmail.com", "is_staff": false, "is_active": true, "date_joined": "2025-07-01T20:56:45.599Z", "role": "doctor", "groups": [], "user_permissions": []}}, {"model": "users.user", "pk": 11, "fields": {"password": "pbkdf2_sha256$870000$zQwTZtn1omdkmm9kS3bSDY$pUAd8JOqGsYIQGfKtqsUGP5Gq6sLa6ubU3fKnKVZh0I=", "last_login": "2025-07-03T16:56:35.267Z", "is_superuser": false, "username": "labtech1", "first_name": "Lab", "last_name": "Technician", "email": "labtech1@example.com", "is_staff": false, "is_active": true, "date_joined": "2025-07-02T21:20:25.145Z", "role": "lab_technician", "groups": [], "user_permissions": []}}, {"model": "hospital.patient", "pk": 1, "fields": {"user": 1, "age": 30, "gender": "male", "contact_number": "1234567890", "address": "Street Tower\r\nHK 123", "is_inpatient": true, "medical_history": "", "is_checked_in": false, "condition": null, "assigned_doctor": 1}}, {"model": "hospital.patient", "pk": 2, "fields": {"user": 6, "age": 35, "gender": "Female", "contact_number": "987456321", "address": "One Street 123", "is_inpatient": true, "medical_history": "Diabetes, asthma", "is_checked_in": false, "condition": null, "assigned_doctor": 1}}, {"model": "hospital.patient", "pk": 3, "fields": {"user": 7, "age": 40, "gender": "male", "contact_number": "1234567890", "address": "", "is_inpatient": false, "medical_history": "cough, fever", "is_checked_in": false, "condition": null, "assigned_doctor": 2}}, {"model": "hospital.doctor", "pk": 1, "fields": {"user": 3, "specialization": "Cardiology", "qualifications": "MBBS, MD", "available_days": "Mon, Wed, Fri", "available_time_from": null, "available_time_to": null, "photo": "doctor_photos/doctor1_y9rC3rW.jpg"}}, {"model": "hospital.doctor", "pk": 2, "fields": {"user": 8, "specialization": "Pediatrics", "qualifications": "MBBS,MD", "available_days": "Mon,Wed,Fri", "available_time_from": null, "available_time_to": null, "photo": "doctor_photos/doctor2_8i4BWN3.jpg"}}, {"model": "hospital.doctor", "pk": 3, "fields": {"user": 9, "specialization": "Neurology", "qualifications": "MBBS,MD Neurology", "available_days": "Tue,Thu", "available_time_from": null, "available_time_to": null, "photo": "doctor_photos/doctor3.jpg"}}, {"model": "hospital.doctor", "pk": 4, "fields": {"user": 10, "specialization": "Dermatology", "qualifications": "MBBS,MD", "available_days": "Mon,Tue,Thu", "available_time_from": null, "available_time_to": null, "photo": "doctor_photos/doctor2_CJ8mp1N.jpg"}}, {"model": "hospital.appointment", "pk": 1, "fields": {"patient": 1, "doctor": 1, "date": "2025-06-07", "time": "11:00:00", "status": "scheduled", "notes": "severe chest pain"}}, {"model": "hospital.appointment", "pk": 2, "fields": {"patient": 1, "doctor": 2, "date": "2025-07-16", "time": "13:00:00", "status": "scheduled", "notes": "fever"}}, {"model": "hospital.appointment", "pk": 3, "fields": {"patient": 1, "doctor": 2, "date": "2025-07-16", "time": "13:00:00", "status": "cancelled", "notes": "fever"}}, {"model": "hospital.bed", "pk": 1, "fields": {"number": "2", "type": "general", "is_occupied": true}}, {"model": "hospital.bed", "pk": 2, "fields": {"number": "1", "type": "private", "is_occupied": false}}, {"model": "hospital.inpatientrecord", "pk": 1, "fields": {"patient": 1, "doctor": 1, "bed": 1, "admission_date": "2025-07-04", "discharge_date": null, "notes": "Test record", "number": null, "is_occupied": false, "assigned_staff": []}}, {"model": "hospital.inpatientrecord", "pk": 2, "fields": {"patient": 1, "doctor": 1, "bed": 1, "admission_date": "2025-07-04", "discharge_date": null, "notes": "", "number": null, "is_occupied": false, "assigned_staff": []}}, {"model": "hospital.prescription", "pk": 1, "fields": {"appointment": 1, "doctor": 1, "patient": 1, "comments": "Take one tablet twice daily after meals", "prescription_file": "prescriptions/t1_3hm0wTi.jpeg", "created_at": "2025-07-03T19:28:34.975Z"}}, {"model": "hospital.admissionrequest", "pk": 1, "fields": {"patient": 1, "requested_by": 3, "requested_at": "2025-07-03T22:01:28.974Z", "is_processed": true, "processed_at": "2025-07-03T22:22:02.445Z", "processed_by": 4}}, {"model": "pharmacy.medicine", "pk": 1, "fields": {"name": "Paracetamol", "stock": 10, "max_stock": 100, "price": "100.00"}}, {"model": "pharmacy.medicine", "pk": 2, "fields": {"name": "dolo", "stock": 4, "max_stock": 100, "price": "50.00"}}, {"model": "pharmacy.prescription", "pk": 1, "fields": {"patient": 2, "doctor": 4, "date_issued": "2025-07-05", "notes": "severe pain"}}, {"model": "pharmacy.prescriptionitem", "pk": 1, "fields": {"prescription": 1, "medicine": 2, "quantity": 1}}, {"model": "billing.invoice", "pk": 1, "fields": {"patient": 1, "appointment": null, "inpatient_record": null, "prescription": null, "lab_test": null, "date": "2025-06-30T22:12:32.888Z", "total_amount": "1500.00", "is_paid": true, "description": "Consultation + Blood Test", "razorpay_order_id": null, "payment_method": "cash", "insurance_claimed": false, "payment_status": "Pending"}}, {"model": "billing.invoice", "pk": 2, "fields": {"patient": 2, "appointment": null, "inpatient_record": null, "prescription": null, "lab_test": null, "date": "2025-06-30T22:13:05.098Z", "total_amount": "850.00", "is_paid": false, "description": "X-ray and Medication", "razorpay_order_id": null, "payment_method": "cash", "insurance_claimed": false, "payment_status": "Pending"}}, {"model": "billing.invoice", "pk": 3, "fields": {"patient": 1, "appointment": 1, "inpatient_record": 1, "prescription": null, "lab_test": 1, "date": "2025-07-04T16:15:01.225Z", "total_amount": "40.00", "is_paid": false, "description": "", "razorpay_order_id": null, "payment_method": "cash", "insurance_claimed": true, "payment_status": "Pending"}}, {"model": "billing.invoiceitem", "pk": 1, "fields": {"invoice": 3, "medicine": 2, "quantity": 2, "price_per_unit": "20.00"}}, {"model": "labs.labtest", "pk": 1, "fields": {"patient": 1, "doctor": 1, "test_type": "blood", "notes": null, "requested_date": "2025-07-02", "is_completed": true, "report_file": "lab_reports/t1_tC0ocsM.jpeg", "remarks": "Test results available", "uploaded_at": null}}, {"model": "labs.labtest", "pk": 2, "fields": {"patient": 1, "doctor": 1, "test_type": "mri", "notes": "MRI Scan needed", "requested_date": "2025-07-03", "is_completed": false, "report_file": "", "remarks": "", "uploaded_at": null}}, {"model": "feedback.doctorfeedback", "pk": 1, "fields": {"doctor": 1, "patient": 1, "rating": 5, "comment": "Good", "created_at": "2025-07-05T11:59:51.826Z"}}, {"model": "feedback.hospitalfeedback", "pk": 1, "fields": {"patient": 1, "feedback": "Great Service!", "created_at": "2025-07-05T20:51:36.506Z"}}, {"model": "feedback.hospitalfeedback", "pk": 2, "fields": {"patient": 1, "feedback": "Great Service!", "created_at": "2025-07-05T20:55:22.677Z"}}]